variable,mean_2007,mean_2024,mean_cf,sd_2007,smd_before,smd_after,abs_smd_before,abs_smd_after
AGE,39.5277215292249,40.4632253006569,39.5213275262625,12.2030129531779,0.076661704369354,-0.000523969202275779,0.076661704369354,0.000523969202275779
schooling_years,13.6543264953543,14.4199898087385,13.6380114389461,2.71823489620772,0.281676655116284,-0.00600207746247526,0.281676655116284,0.00600207746247526
female,0.45308971485489,0.464799859338459,0.448027446883452,0.49779456118724,0.0235240506759263,-0.010169391886011,0.0235240506759263,0.010169391886011
black,0.100207506116899,0.117807069786912,0.0994064767562859,0.300276475659902,0.0586111970021482,-0.00266763941082044,0.0586111970021482,0.00266763941082044
asian,0.0427913043157146,0.0697559133456048,0.0435508391357176,0.202386285579519,0.133233380674382,0.0037528966838249,0.133233380674382,0.0037528966838249
hispanic,0.151339584974421,0.192644508792203,0.149701342755845,0.358379568326923,0.115254683771769,-0.0045712489309126,0.115254683771769,0.0045712489309126
married,0.580448050541518,0.539746843930897,0.576426934772275,0.493485674730343,-0.082476976931218,-0.00814839411790528,0.082476976931218,0.00814839411790528
part_time,0.100085252692672,0.093890702884086,0.0996389051854317,0.300113636621391,-0.0206406809044825,-0.00148726166616461,0.0206406809044825,0.00148726166616461
metro,0.850256670215815,0.888896909245735,0.849928278761753,0.356819653283449,0.108290669177982,-0.00092032894219617,0.108290669177982,0.00092032894219617
unionized,0.14371615540387,0.119715326538648,0.144648662290915,0.350801684830337,-0.0684170855018275,0.00265821667160969,0.0684170855018275,0.00265821667160969
